[
{
  "model": "auth.user",
  "fields": {
    "password": "pbkdf2_sha256$1000000$bP4MPWpLpLwEyae8pIhy3f$X4OF9W8uvtpNCgkWn+T2TH6R4MxsP3fQqACKbB+OZtM=",
    "last_login": "2025-12-17T10:03:24.236Z",
    "is_superuser": true,
    "username": "admin",
    "first_name": "",
    "last_name": "",
    "email": "admin@gmail.com",
    "is_staff": true,
    "is_active": true,
    "date_joined": "2025-11-12T21:32:16.150Z",
    "groups": [],
    "user_permissions": []
  }
},
{
  "model": "auth.user",
  "fields": {
    "password": "pbkdf2_sha256$1000000$hnoGWEZuovbbUm4VKWsfxj$0vzrKLvFFp2m9qspVteOMparlexC4JqOr4SKXWXs7SM=",
    "last_login": "2026-01-20T10:56:10.620Z",
    "is_superuser": true,
    "username": "ayush",
    "first_name": "",
    "last_name": "",
    "email": "admin@gmail.com",
    "is_staff": true,
    "is_active": true,
    "date_joined": "2025-11-14T07:15:45.331Z",
    "groups": [],
    "user_permissions": []
  }
},
{
  "model": "auth.user",
  "fields": {
    "password": "pbkdf2_sha256$1000000$eviBqL2QjRZqcTT6p19wmz$5VCb5L4Ry/3sKrsOLmujxMcnjtPkWLipm8hd80ZS9B8=",
    "last_login": "2025-11-17T10:28:15.257Z",
    "is_superuser": true,
    "username": "admin_test",
    "first_name": "",
    "last_name": "",
    "email": "admin@test.com",
    "is_staff": false,
    "is_active": true,
    "date_joined": "2025-11-17T10:11:57.484Z",
    "groups": [],
    "user_permissions": []
  }
},
{
  "model": "auth.user",
  "fields": {
    "password": "pbkdf2_sha256$1000000$s1OUHJdMSbfGW0kI7ZniVZ$ip2zozckAUsAdPJcCEAu0Lgr2ocA+I9Ie9xM6/0FKE0=",
    "last_login": "2025-12-10T14:00:27.320Z",
    "is_superuser": false,
    "username": "testuser",
    "first_name": "",
    "last_name": "",
    "email": "testuser@example.com",
    "is_staff": false,
    "is_active": true,
    "date_joined": "2025-12-10T13:56:00.913Z",
    "groups": [],
    "user_permissions": []
  }
},
{
  "model": "auth.user",
  "fields": {
    "password": "pbkdf2_sha256$1000000$nKs0ZHwUwXw73Mi2ZMeSWX$GW9BUS/9QIp6QM1jY04iFGNW4OXULgzGkJ9tCw1Ffgs=",
    "last_login": "2026-01-20T12:32:16.070Z",
    "is_superuser": false,
    "username": "tdashadmin",
    "first_name": "",
    "last_name": "",
    "email": "",
    "is_staff": true,
    "is_active": true,
    "date_joined": "2026-01-20T12:28:04.744Z",
    "groups": [],
    "user_permissions": []
  }
},
{
  "model": "sessions.session",
  "pk": "1anu91fnxkv655dj7sorg1z8e7k1spwa",
  "fields": {
    "session_data": ".eJxVjDsOwyAQBe9CHSHA5pcyvc-All0ITiKQjF1FuXtsyUXSzsx7bxZgW0vYelrCTOzKJLv8sgj4TPUQ9IB6bxxbXZc58iPhp-18apRet7P9OyjQy77GwaKMaDQpn8ibrH1yY9ZROdCDjiOAROus8yKD13kQiczOhCNARZ59vvRYOHE:1vUQiC:GTke2b3Sh6jE8w-AH7rXzBplq6ILDijA6KuxFdoni-4",
    "expire_date": "2025-12-27T14:35:08.065Z"
  }
},
{
  "model": "sessions.session",
  "pk": "1kuvw1ds4njy6io4amz35fvdj272pskm",
  "fields": {
    "session_data": ".eJxVjDsOwjAQBe_iGlmx18aBkp4zRPsLDiBbipMKcXeIlALaNzPvZQZclzysTedhEnM2wRx-N0J-aNmA3LHcquValnkiuyl2p81eq-jzsrt_Bxlb_tYOxy5q9KRMiTyz9AgnZHIKHAJrUgHVKJ2IQzgGHl3w3IsD8ErJvD8ntjlk:1vTKjz:r41X66gjvU9pYkNo11nBmX1BjJbDJ1CU9Ll_zEaduFE",
    "expire_date": "2025-12-24T14:00:27.321Z"
  }
},
{
  "model": "sessions.session",
  "pk": "202sw1t2q47wds8pd2lq9047sm2e4tuh",
  "fields": {
    "session_data": ".eJxVjEEOwiAQRe_C2hCEFhiX7nsGMjOAVA0kpV0Z765NutDtf-_9lwi4rSVsPS1hjuIijDj9boT8SHUH8Y711iS3ui4zyV2RB-1yajE9r4f7d1Cwl2_No7cA2UK0YEZlXfaegDkxOdBZazSKrBoG50Bpp4nPliKSV9HAYLx4fwDO3Tcz:1vKwEC:aWs1AUy-YyOJXgPQjo25ncWkC9AsgG1MEBHpigfGOVk",
    "expire_date": "2025-12-01T10:12:56.522Z"
  }
},
{
  "model": "sessions.session",
  "pk": "2884b6vc7qs0s5r5wmh2zfee7aquc3j1",
  "fields": {
    "session_data": ".eJxVjEEOwiAQRe_C2hBkSgGX7nsGMjCDVA0kpV0Z765NutDtf-_9lwi4rSVsnZcwk7gII06_W8T04LoDumO9NZlaXZc5yl2RB-1yasTP6-H-HRTs5VtrjtkTU9IOETPb6IwdNI0JEsCokjqj9ZSdRk8KlCZS3g8WwRgmiOL9ARSYOJA:1viAu8:TYBlzap600h_U5wqN6die3gRaPJU1L8FHclRPR3a-9k",
    "expire_date": "2026-02-03T12:32:16.071Z"
  }
},
{
  "model": "sessions.session",
  "pk": "2b2hwpi9ba7vl0hwte9af0fc02imuah9",
  "fields": {
    "session_data": ".eJxVjDsOwyAQBe9CHSHA5pcyvc-All0ITiKQjF1FuXtsyUXSzsx7bxZgW0vYelrCTOzKJLv8sgj4TPUQ9IB6bxxbXZc58iPhp-18apRet7P9OyjQy77GwaKMaDQpn8ibrH1yY9ZROdCDjiOAROus8yKD13kQiczOhCNARZ59vvRYOHE:1vTKfh:aRbRsswPujfbPrzKJyKRhgz0Nw5kEs4_Zl6kofGLGb4",
    "expire_date": "2025-12-24T13:56:01.718Z"
  }
},
{
  "model": "sessions.session",
  "pk": "2h9olastkhhfl2cmu8pyuhgux66ljseq",
  "fields": {
    "session_data": ".eJxVjDsOwjAQBe_iGlmx18aBkp4zRPsLDiBbipMKcXeIlALaNzPvZQZclzysTedhEnM2wRx-N0J-aNmA3LHcquValnkiuyl2p81eq-jzsrt_Bxlb_tYOxy5q9KRMiTyz9AgnZHIKHAJrUgHVKJ2IQzgGHl3w3IsD8ErJvD8ntjlk:1vTKfi:1l9V3ELAB8WAXOVCQLhkVxMB1dXLgcgchVBzMoR-tAE",
    "expire_date": "2025-12-24T13:56:02.539Z"
  }
},
{
  "model": "sessions.session",
  "pk": "34mh4tfegcr4sk6ts11z8u21uvezow1n",
  "fields": {
    "session_data": ".eJxVjMsOwiAURP-FtSGA5eXSvd9A7gWuVA0kpV0Z_92SdKG7yZwz82YBtrWEreclzIldmGKn3w4hPnMdID2g3huPra7LjHwo_KCd31rKr-vh_h0U6GVfS5tRZRTeyaQt2HPyZhKkjNqDdoSaPCUrkAwZL7UisqAHm6SLTrDPF95ZN5s:1vhhny:ofyVUF6UV_GeNHLGq3pMeDY9h4AkOYLxGevUcawiAaA",
    "expire_date": "2026-02-02T05:27:58.674Z"
  }
},
{
  "model": "sessions.session",
  "pk": "4g5f2bc53gz37o2chct03s2nh02uqzhy",
  "fields": {
    "session_data": ".eJxVjEEOwiAQRe_C2hCEFhiX7nsGMjOAVA0kpV0Z765NutDtf-_9lwi4rSVsPS1hjuIijDj9boT8SHUH8Y711iS3ui4zyV2RB-1yajE9r4f7d1Cwl2_No7cA2UK0YEZlXfaegDkxOdBZazSKrBoG50Bpp4nPliKSV9HAYLx4fwDO3Tcz:1vKwMu:YywDJL77omKHK-4NYBn6bss9MxP7sOoionbTpe1N3mY",
    "expire_date": "2025-12-01T10:21:56.985Z"
  }
},
{
  "model": "sessions.session",
  "pk": "4vidruggukcl12u5vms3zg362ygh014s",
  "fields": {
    "session_data": ".eJxVjDsOwjAQBe_iGlnEjn-U9DmDtev14gCypTipEHeHSCmgfTPzXiLCtpa49bzEmcRFKHH63RDSI9cd0B3qrcnU6rrMKHdFHrTLqVF-Xg_376BAL9_aOSLWypg8EhJY9oiOffBKsecAMPCA5-AN6lF7csqanBNBCuwQjRXvDwZyOOQ:1vWtNU:4M3l6m30LsPrv_yxAT0d24xwcfccXyNOpJxJ3lciRi8",
    "expire_date": "2026-01-03T09:35:56.242Z"
  }
},
{
  "model": "sessions.session",
  "pk": "6kqu3su3cce3nng701h3j7lg89emw71l",
  "fields": {
    "session_data": ".eJxVjMsOwiAURP-FtSE82gIu3fsNzX2AVA0kpV0Z_11JutDdZM6ZeYkZ9i3Pe4vrvLA4Cy1Ovx0CPWLpgO9QblVSLdu6oOyKPGiT18rxeTncv4MMLX_XbvQ4jJa9cmyJnTKAjpJRAexobNTowfcw6YnIq-QDGOJACXEwHMX7A9a2OC4:1vVoNQ:62n27emwqTo-uhJmp18i2Kakj0K8ho6QjFQfkdnqZsI",
    "expire_date": "2025-12-31T10:03:24.237Z"
  }
},
{
  "model": "sessions.session",
  "pk": "7p9lpe729ql8tvakng0kv9ayw7uk413n",
  "fields": {
    "session_data": ".eJxVjMsOwiAURP-FtSE82gIu3fsNzX2AVA0kpV0Z_11JutDdZM6ZeYkZ9i3Pe4vrvLA4Cy1Ovx0CPWLpgO9QblVSLdu6oOyKPGiT18rxeTncv4MMLX_XbvQ4jJa9cmyJnTKAjpJRAexobNTowfcw6YnIq-QDGOJACXEwHMX7A9a2OC4:1vV9na:V-tZxCairVRCaPUjNuYdGGkkwWYENOdqGikJlmxfcro",
    "expire_date": "2025-12-29T14:43:42.970Z"
  }
},
{
  "model": "sessions.session",
  "pk": "8vdjqmnfynywnfm6ebkohm7pz3lam5yk",
  "fields": {
    "session_data": ".eJxVjDsOwyAQBe9CHSHA5pcyvc-All0ITiKQjF1FuXtsyUXSzsx7bxZgW0vYelrCTOzKJLv8sgj4TPUQ9IB6bxxbXZc58iPhp-18apRet7P9OyjQy77GwaKMaDQpn8ibrH1yY9ZROdCDjiOAROus8yKD13kQiczOhCNARZ59vvRYOHE:1vTKbs:uSQR84nUOSHykUC7zEqNAZGz7l95aDrEN_0Fm_Ltfc8",
    "expire_date": "2025-12-24T13:52:04.958Z"
  }
},
{
  "model": "sessions.session",
  "pk": "99sd80szornk8uat5nf8lti5me597n5u",
  "fields": {
    "session_data": ".eJxVjEEOwiAQRe_C2hCEFhiX7nsGMjOAVA0kpV0Z765NutDtf-_9lwi4rSVsPS1hjuIijDj9boT8SHUH8Y711iS3ui4zyV2RB-1yajE9r4f7d1Cwl2_No7cA2UK0YEZlXfaegDkxOdBZazSKrBoG50Bpp4nPliKSV9HAYLx4fwDO3Tcz:1vKwT1:rLeyV95BnI4Voa9jKXzmNG4E9yrG_LBtSSEKoiWVc40",
    "expire_date": "2025-12-01T10:28:15.258Z"
  }
},
{
  "model": "sessions.session",
  "pk": "9i5wbwarzg3n48krp502czs0druuo7dh",
  "fields": {
    "session_data": ".eJxVjDsOwyAQBe9CHSHA5pcyvc-All0ITiKQjF1FuXtsyUXSzsx7bxZgW0vYelrCTOzKJLv8sgj4TPUQ9IB6bxxbXZc58iPhp-18apRet7P9OyjQy77GwaKMaDQpn8ibrH1yY9ZROdCDjiOAROus8yKD13kQiczOhCNARZ59vvRYOHE:1vUQhh:VYXgMTRDfzd7XVZ_r805cAajZbMEU1h3mpI5dkLjs1c",
    "expire_date": "2025-12-27T14:34:37.014Z"
  }
},
{
  "model": "sessions.session",
  "pk": "9mnxkoax87481jy4xfvks3u7y9825qox",
  "fields": {
    "session_data": ".eJxVjMsOwiAURP-FtSE82gIu3fsNzX2AVA0kpV0Z_11JutDdZM6ZeYkZ9i3Pe4vrvLA4Cy1Ovx0CPWLpgO9QblVSLdu6oOyKPGiT18rxeTncv4MMLX_XbvQ4jJa9cmyJnTKAjpJRAexobNTowfcw6YnIq-QDGOJACXEwHMX7A9a2OC4:1vV9iq:Bk5ZFavOCbBrVhCx352mRQs3jxlaHc16TUh6V-FlTPI",
    "expire_date": "2025-12-29T14:38:48.479Z"
  }
},
{
  "model": "sessions.session",
  "pk": "9o330zdpc26bvokewnszhw8ty1h3enia",
  "fields": {
    "session_data": ".eJxVjDsOwjAQBe_iGlmx18aBkp4zRPsLDiBbipMKcXeIlALaNzPvZQZclzysTedhEnM2wRx-N0J-aNmA3LHcquValnkiuyl2p81eq-jzsrt_Bxlb_tYOxy5q9KRMiTyz9AgnZHIKHAJrUgHVKJ2IQzgGHl3w3IsD8ErJvD8ntjlk:1vTKgM:fyT_kAKF-Y52e8tKwHTQtK9yZMBiPFqyqGllMgxYWJ4",
    "expire_date": "2025-12-24T13:56:42.450Z"
  }
},
{
  "model": "sessions.session",
  "pk": "aaa5owofpyh3bqis4lp8a0rks9s13vtt",
  "fields": {
    "session_data": ".eJxVjMsOwiAURP-FtSGA5eXSvd9A7gWuVA0kpV0Z_92SdKG7yZwz82YBtrWEreclzIldmGKn3w4hPnMdID2g3huPra7LjHwo_KCd31rKr-vh_h0U6GVfS5tRZRTeyaQt2HPyZhKkjNqDdoSaPCUrkAwZL7UisqAHm6SLTrDPF95ZN5s:1vXciJ:Qaox2oJdv0hbmDVc_QL8ekPf3jLhm21-orN4PSx6LOM",
    "expire_date": "2026-01-05T10:00:27.213Z"
  }
},
{
  "model": "sessions.session",
  "pk": "agjraabhu7ajyzuuxl0swkhu6i0svswr",
  "fields": {
    "session_data": ".eJxVjMsOwiAURP-FtSGA5eXSvd9A7gWuVA0kpV0Z_92SdKG7yZwz82YBtrWEreclzIldmGKn3w4hPnMdID2g3huPra7LjHwo_KCd31rKr-vh_h0U6GVfS5tRZRTeyaQt2HPyZhKkjNqDdoSaPCUrkAwZL7UisqAHm6SLTrDPF95ZN5s:1vhiGG:iorp4ocE4gsfnVTou6xhbBNha-2yguQnfwWgRoK1GUg",
    "expire_date": "2026-02-02T05:57:12.912Z"
  }
},
{
  "model": "sessions.session",
  "pk": "c7i0ongv4c590jdqlzsia0j7uf8kcd56",
  "fields": {
    "session_data": ".eJxVjDsOwyAQBe9CHSHA5pcyvc-All0ITiKQjF1FuXtsyUXSzsx7bxZgW0vYelrCTOzKJLv8sgj4TPUQ9IB6bxxbXZc58iPhp-18apRet7P9OyjQy77GwaKMaDQpn8ibrH1yY9ZROdCDjiOAROus8yKD13kQiczOhCNARZ59vvRYOHE:1vTKNp:OPji8NYHOe4qskU76z1BEASnuH5sQtanm_eZc81Xdmw",
    "expire_date": "2025-12-24T13:37:33.066Z"
  }
},
{
  "model": "sessions.session",
  "pk": "cxj54sc3sygk6t5u2xa0xd2lxxbws05v",
  "fields": {
    "session_data": ".eJxVjDsOwjAQBe_iGlnEjn-U9DmDtev14gCypTipEHeHSCmgfTPzXiLCtpa49bzEmcRFKHH63RDSI9cd0B3qrcnU6rrMKHdFHrTLqVF-Xg_376BAL9_aOSLWypg8EhJY9oiOffBKsecAMPCA5-AN6lF7csqanBNBCuwQjRXvDwZyOOQ:1vWXxY:GCYppuykhpIokTPZnF9s1SGkk6JHPFq7ahXD0cNBoNI",
    "expire_date": "2026-01-02T10:43:44.347Z"
  }
},
{
  "model": "sessions.session",
  "pk": "geyb0mutbhq5s38jn4fmc0lx39nqj8t5",
  "fields": {
    "session_data": ".eJxVjDsOwyAQBe9CHSHA5pcyvc-All0ITiKQjF1FuXtsyUXSzsx7bxZgW0vYelrCTOzKJLv8sgj4TPUQ9IB6bxxbXZc58iPhp-18apRet7P9OyjQy77GwaKMaDQpn8ibrH1yY9ZROdCDjiOAROus8yKD13kQiczOhCNARZ59vvRYOHE:1vTKNb:8ETvzUzzIGbI9rfX_ulsmcWwmKb0sQMdaCVaYKKbVVo",
    "expire_date": "2025-12-24T13:37:19.836Z"
  }
},
{
  "model": "sessions.session",
  "pk": "h8y3w7fqgmqzwc8ncpqr44fo86lnwwwe",
  "fields": {
    "session_data": ".eJxVjDsOwyAQBe9CHSHA5pcyvc-All0ITiKQjF1FuXtsyUXSzsx7bxZgW0vYelrCTOzKJLv8sgj4TPUQ9IB6bxxbXZc58iPhp-18apRet7P9OyjQy77GwaKMaDQpn8ibrH1yY9ZROdCDjiOAROus8yKD13kQiczOhCNARZ59vvRYOHE:1vTKLG:-0ztXB19-JTt6-FW1SY4i_0_HCBq-VY6gEVKFz22Lrs",
    "expire_date": "2025-12-24T13:34:54.602Z"
  }
},
{
  "model": "sessions.session",
  "pk": "hobc8ggzj5985b0cyqf3t8klaulst12d",
  "fields": {
    "session_data": ".eJxVjEEOwiAQRe_C2hCEFhiX7nsGMjOAVA0kpV0Z765NutDtf-_9lwi4rSVsPS1hjuIijDj9boT8SHUH8Y711iS3ui4zyV2RB-1yajE9r4f7d1Cwl2_No7cA2UK0YEZlXfaegDkxOdBZazSKrBoG50Bpp4nPliKSV9HAYLx4fwDO3Tcz:1vKwER:SWUKd5EK2_sGgzwr9O8gsjkNTXyN-dn_jMyUJSsa5TY",
    "expire_date": "2025-12-01T10:13:11.089Z"
  }
},
{
  "model": "sessions.session",
  "pk": "i8p7ewlbdigwqnx8yvg2m6c2iolgk9zw",
  "fields": {
    "session_data": ".eJxVjDsOwjAQBe_iGlm24_WHkj5nsNbeNQ6gRMqnQtydREoB7ZuZ9xYJt7WlbeE5DSSuwojL75axPHk8AD1wvE-yTOM6D1keijzpIvuJ-HU73b-Dhkvba80QHTgCpSwoj8ViJW1rDNGxZqKuhNhlDR4JkAGxovdggolut7L4fAHZfjfn:1vi9P8:OH1agnA91RW_n-7A1QAunmWE5P2H_YtCHZBANa2MOfg",
    "expire_date": "2026-02-03T10:56:10.622Z"
  }
},
{
  "model": "sessions.session",
  "pk": "iatft9iioiybpzibu9e4h8l3seac9dx7",
  "fields": {
    "session_data": ".eJxVjDsOwjAQBe_iGlmx18aBkp4zRPsLDiBbipMKcXeIlALaNzPvZQZclzysTedhEnM2wRx-N0J-aNmA3LHcquValnkiuyl2p81eq-jzsrt_Bxlb_tYOxy5q9KRMiTyz9AgnZHIKHAJrUgHVKJ2IQzgGHl3w3IsD8ErJvD8ntjlk:1vTKiV:1eslyuwVkvjhblrHMOoPG_XCOuBAHUrhD1ExJqkGJbw",
    "expire_date": "2025-12-24T13:58:55.406Z"
  }
},
{
  "model": "sessions.session",
  "pk": "iv9inf196pikkv0zr22f13cnrg32w84c",
  "fields": {
    "session_data": ".eJxVjMsOwiAURP-FtSGA5eXSvd9A7gWuVA0kpV0Z_92SdKG7yZwz82YBtrWEreclzIldmGKn3w4hPnMdID2g3huPra7LjHwo_KCd31rKr-vh_h0U6GVfS5tRZRTeyaQt2HPyZhKkjNqDdoSaPCUrkAwZL7UisqAHm6SLTrDPF95ZN5s:1vhiEs:UE0kw_SDn_Barcwv-cVH99HZO2b3faZ1_sHcNBE7ZxM",
    "expire_date": "2026-02-02T05:55:46.185Z"
  }
},
{
  "model": "sessions.session",
  "pk": "jgoi2jm5nr8kahykjb8o6iydorfztqw2",
  "fields": {
    "session_data": ".eJxVjEEOwiAQRe_C2hCEFhiX7nsGMjOAVA0kpV0Z765NutDtf-_9lwi4rSVsPS1hjuIijDj9boT8SHUH8Y711iS3ui4zyV2RB-1yajE9r4f7d1Cwl2_No7cA2UK0YEZlXfaegDkxOdBZazSKrBoG50Bpp4nPliKSV9HAYLx4fwDO3Tcz:1vKwDe:2FJWQ7Xb7ziDF2u2xzWMDW_5r76tRVb-VAnbtseCbhE",
    "expire_date": "2025-12-01T10:12:22.234Z"
  }
},
{
  "model": "sessions.session",
  "pk": "opfrlk6r7lp06i9bjir1iauz5ich6mni",
  "fields": {
    "session_data": ".eJxVjDsOwjAQBe_iGlnEjn-U9DmDtev14gCypTipEHeHSCmgfTPzXiLCtpa49bzEmcRFKHH63RDSI9cd0B3qrcnU6rrMKHdFHrTLqVF-Xg_376BAL9_aOSLWypg8EhJY9oiOffBKsecAMPCA5-AN6lF7csqanBNBCuwQjRXvDwZyOOQ:1vKEcP:ZQC6jXw77fKAR5Di1xI8kneMHnCRIKpPhRzW8HIuCR8",
    "expire_date": "2025-11-29T11:39:01.289Z"
  }
},
{
  "model": "sessions.session",
  "pk": "oyigr4kqh5ddfbb2ctebid108xa2j6up",
  "fields": {
    "session_data": ".eJxVjMsOwiAURP-FtSE82gIu3fsNzX2AVA0kpV0Z_11JutDdZM6ZeYkZ9i3Pe4vrvLA4Cy1Ovx0CPWLpgO9QblVSLdu6oOyKPGiT18rxeTncv4MMLX_XbvQ4jJa9cmyJnTKAjpJRAexobNTowfcw6YnIq-QDGOJACXEwHMX7A9a2OC4:1vVoNA:0-UxtmNm0_EiVWiuNaBoAilTX1d2Uz5JnlZYLa_dKBs",
    "expire_date": "2025-12-31T10:03:08.553Z"
  }
},
{
  "model": "sessions.session",
  "pk": "pdrcmezc3m0nuigzzml4r9zrvfpe0dnr",
  "fields": {
    "session_data": ".eJxVjDsOwyAQBe9CHSHA5pcyvc-All0ITiKQjF1FuXtsyUXSzsx7bxZgW0vYelrCTOzKJLv8sgj4TPUQ9IB6bxxbXZc58iPhp-18apRet7P9OyjQy77GwaKMaDQpn8ibrH1yY9ZROdCDjiOAROus8yKD13kQiczOhCNARZ59vvRYOHE:1vURAb:_053zPDaGZOi39pOgQfVXBzeiJoB86Do5AXg5TLXrzE",
    "expire_date": "2025-12-27T15:04:29.539Z"
  }
},
{
  "model": "sessions.session",
  "pk": "req09naya1af770h2daj44fywangnwlk",
  "fields": {
    "session_data": ".eJxVjDsOwyAQBe9CHSHA5pcyvc-All0ITiKQjF1FuXtsyUXSzsx7bxZgW0vYelrCTOzKJLv8sgj4TPUQ9IB6bxxbXZc58iPhp-18apRet7P9OyjQy77GwaKMaDQpn8ibrH1yY9ZROdCDjiOAROus8yKD13kQiczOhCNARZ59vvRYOHE:1vTKON:ykrhkmahR3tS82mfugQJjXyqZYCy0tMQlI7XY4hVXiQ",
    "expire_date": "2025-12-24T13:38:07.018Z"
  }
},
{
  "model": "sessions.session",
  "pk": "rhgxh1jubwzhlf4ittc2mbvi9t44xsxz",
  "fields": {
    "session_data": ".eJxVjEEOwiAQRe_C2hBkSgGX7nsGMjCDVA0kpV0Z765NutDtf-_9lwi4rSVsnZcwk7gII06_W8T04LoDumO9NZlaXZc5yl2RB-1yasTP6-H-HRTs5VtrjtkTU9IOETPb6IwdNI0JEsCokjqj9ZSdRk8KlCZS3g8WwRgmiOL9ARSYOJA:1viAq5:3l4StJNAfjKxJc-LX-LE1tIJUxd-wpZK3IlqjTD0g_8",
    "expire_date": "2026-02-03T12:28:05.677Z"
  }
},
{
  "model": "sessions.session",
  "pk": "s5ri259n49yndq982k0ib3ar9f8fqgug",
  "fields": {
    "session_data": ".eJxVjDsOwjAQBe_iGlmx18aBkp4zRPsLDiBbipMKcXeIlALaNzPvZQZclzysTedhEnM2wRx-N0J-aNmA3LHcquValnkiuyl2p81eq-jzsrt_Bxlb_tYOxy5q9KRMiTyz9AgnZHIKHAJrUgHVKJ2IQzgGHl3w3IsD8ErJvD8ntjlk:1vTKfi:1l9V3ELAB8WAXOVCQLhkVxMB1dXLgcgchVBzMoR-tAE",
    "expire_date": "2025-12-24T13:56:02.139Z"
  }
},
{
  "model": "sessions.session",
  "pk": "sgfpv7ovusgjj7bcr2lgw25n1pr14tcy",
  "fields": {
    "session_data": ".eJxVjMsOwiAURP-FtSE82gIu3fsNzX2AVA0kpV0Z_11JutDdZM6ZeYkZ9i3Pe4vrvLA4Cy1Ovx0CPWLpgO9QblVSLdu6oOyKPGiT18rxeTncv4MMLX_XbvQ4jJa9cmyJnTKAjpJRAexobNTowfcw6YnIq-QDGOJACXEwHMX7A9a2OC4:1vV9j3:Sc8IeqlbY08yXSPti9N0V4-Qp2a5tppFIUrW8cLlkHY",
    "expire_date": "2025-12-29T14:39:01.400Z"
  }
},
{
  "model": "sessions.session",
  "pk": "unac1wpxasnfldt50ywihtlnp4ov0yil",
  "fields": {
    "session_data": ".eJxVjDsOwyAQBe9CHSHA5pcyvc-All0ITiKQjF1FuXtsyUXSzsx7bxZgW0vYelrCTOzKJLv8sgj4TPUQ9IB6bxxbXZc58iPhp-18apRet7P9OyjQy77GwaKMaDQpn8ibrH1yY9ZROdCDjiOAROus8yKD13kQiczOhCNARZ59vvRYOHE:1vUQhr:CLKe7QabNIpNO2eEYSzjo9WQo-5hJZNjWbtJrQHHMPk",
    "expire_date": "2025-12-27T14:34:47.204Z"
  }
},
{
  "model": "sessions.session",
  "pk": "wm0y50rtmwiains9b9dwsp9jklbamczo",
  "fields": {
    "session_data": ".eJxVjDsOwyAQBe9CHSHA5pcyvc-All0ITiKQjF1FuXtsyUXSzsx7bxZgW0vYelrCTOzKJLv8sgj4TPUQ9IB6bxxbXZc58iPhp-18apRet7P9OyjQy77GwaKMaDQpn8ibrH1yY9ZROdCDjiOAROus8yKD13kQiczOhCNARZ59vvRYOHE:1vTKcY:thBCSuolXQ0rLgHLIARl1crDpN3YsLKN4a3J1W1PXrI",
    "expire_date": "2025-12-24T13:52:46.600Z"
  }
},
{
  "model": "sessions.session",
  "pk": "xopzkwf01df7vbsqjq61hw9tb2fkyzu5",
  "fields": {
    "session_data": ".eJxVjEEOwiAQRe_C2hCEFhiX7nsGMjOAVA0kpV0Z765NutDtf-_9lwi4rSVsPS1hjuIijDj9boT8SHUH8Y711iS3ui4zyV2RB-1yajE9r4f7d1Cwl2_No7cA2UK0YEZlXfaegDkxOdBZazSKrBoG50Bpp4nPliKSV9HAYLx4fwDO3Tcz:1vKwDG:2s6cMUQetI5f4zKCZJZrp1SkqI0aAbszHVNjBNCkJ2s",
    "expire_date": "2025-12-01T10:11:58.342Z"
  }
},
{
  "model": "sessions.session",
  "pk": "zi9byt5tojmo3q1xvldzzsg9bx5x6u9n",
  "fields": {
    "session_data": ".eJxVjDsOwyAQBe9CHSHA5pcyvc-All0ITiKQjF1FuXtsyUXSzsx7bxZgW0vYelrCTOzKJLv8sgj4TPUQ9IB6bxxbXZc58iPhp-18apRet7P9OyjQy77GwaKMaDQpn8ibrH1yY9ZROdCDjiOAROus8yKD13kQiczOhCNARZ59vvRYOHE:1vURBb:RiPER6AXJ8PhCVjhfHWm5fNXMXBK2ItwdRk3F-NnvDI",
    "expire_date": "2025-12-27T15:05:31.150Z"
  }
},
{
  "model": "sessions.session",
  "pk": "zly5hwzru7uns58wlr3z22watkd9mdfq",
  "fields": {
    "session_data": ".eJxVjEEOwiAQRe_C2hCEFhiX7nsGMjOAVA0kpV0Z765NutDtf-_9lwi4rSVsPS1hjuIijDj9boT8SHUH8Y711iS3ui4zyV2RB-1yajE9r4f7d1Cwl2_No7cA2UK0YEZlXfaegDkxOdBZazSKrBoG50Bpp4nPliKSV9HAYLx4fwDO3Tcz:1vKwDy:XS6v5IRMNZcXyXJ_YXfckyUMTjhSnLWAUInqexDLbE8",
    "expire_date": "2025-12-01T10:12:42.452Z"
  }
},
{
  "model": "rental.room",
  "pk": 37,
  "fields": {
    "number": "A-01",
    "room_type": "double",
    "price": "6000.00",
    "agreed_rent": "6000.00",
    "is_available": false
  }
},
{
  "model": "rental.room",
  "pk": 38,
  "fields": {
    "number": "A-02",
    "room_type": "double",
    "price": "6000.00",
    "agreed_rent": "6000.00",
    "is_available": false
  }
},
{
  "model": "rental.room",
  "pk": 39,
  "fields": {
    "number": "A-03",
    "room_type": "double",
    "price": "6000.00",
    "agreed_rent": "6000.00",
    "is_available": false
  }
},
{
  "model": "rental.room",
  "pk": 40,
  "fields": {
    "number": "A-04",
    "room_type": "double",
    "price": "8500.00",
    "agreed_rent": "8500.00",
    "is_available": true
  }
},
{
  "model": "rental.room",
  "pk": 41,
  "fields": {
    "number": "A-05",
    "room_type": "double",
    "price": "8500.00",
    "agreed_rent": "8500.00",
    "is_available": true
  }
},
{
  "model": "rental.room",
  "pk": 42,
  "fields": {
    "number": "A-06",
    "room_type": "double",
    "price": "8500.00",
    "agreed_rent": "8500.00",
    "is_available": true
  }
},
{
  "model": "rental.room",
  "pk": 43,
  "fields": {
    "number": "B-01",
    "room_type": "double",
    "price": "6000.00",
    "agreed_rent": "6000.00",
    "is_available": false
  }
},
{
  "model": "rental.room",
  "pk": 44,
  "fields": {
    "number": "B-02",
    "room_type": "double",
    "price": "6000.00",
    "agreed_rent": "6000.00",
    "is_available": false
  }
},
{
  "model": "rental.room",
  "pk": 45,
  "fields": {
    "number": "B-03",
    "room_type": "double",
    "price": "6000.00",
    "agreed_rent": "6000.00",
    "is_available": false
  }
},
{
  "model": "rental.room",
  "pk": 46,
  "fields": {
    "number": "B-04",
    "room_type": "double",
    "price": "8500.00",
    "agreed_rent": "8500.00",
    "is_available": true
  }
},
{
  "model": "rental.room",
  "pk": 47,
  "fields": {
    "number": "B-05",
    "room_type": "double",
    "price": "8500.00",
    "agreed_rent": "8500.00",
    "is_available": true
  }
},
{
  "model": "rental.room",
  "pk": 48,
  "fields": {
    "number": "B-06",
    "room_type": "double",
    "price": "8500.00",
    "agreed_rent": "8500.00",
    "is_available": true
  }
},
{
  "model": "rental.room",
  "pk": 49,
  "fields": {
    "number": "C-01",
    "room_type": "double",
    "price": "6000.00",
    "agreed_rent": "6000.00",
    "is_available": false
  }
},
{
  "model": "rental.room",
  "pk": 50,
  "fields": {
    "number": "C-02",
    "room_type": "double",
    "price": "6000.00",
    "agreed_rent": "6000.00",
    "is_available": false
  }
},
{
  "model": "rental.room",
  "pk": 51,
  "fields": {
    "number": "C-03",
    "room_type": "double",
    "price": "6000.00",
    "agreed_rent": "6000.00",
    "is_available": true
  }
},
{
  "model": "rental.room",
  "pk": 52,
  "fields": {
    "number": "C-04",
    "room_type": "double",
    "price": "8500.00",
    "agreed_rent": "8500.00",
    "is_available": true
  }
},
{
  "model": "rental.room",
  "pk": 53,
  "fields": {
    "number": "C-05",
    "room_type": "double",
    "price": "8500.00",
    "agreed_rent": "8500.00",
    "is_available": true
  }
},
{
  "model": "rental.room",
  "pk": 54,
  "fields": {
    "number": "C-06",
    "room_type": "double",
    "price": "8500.00",
    "agreed_rent": "8500.00",
    "is_available": true
  }
},
{
  "model": "rental.room",
  "pk": 55,
  "fields": {
    "number": "D-01",
    "room_type": "double",
    "price": "6000.00",
    "agreed_rent": "6000.00",
    "is_available": true
  }
},
{
  "model": "rental.room",
  "pk": 56,
  "fields": {
    "number": "D-02",
    "room_type": "double",
    "price": "6000.00",
    "agreed_rent": "6000.00",
    "is_available": true
  }
},
{
  "model": "rental.room",
  "pk": 57,
  "fields": {
    "number": "D-03",
    "room_type": "double",
    "price": "6000.00",
    "agreed_rent": "6000.00",
    "is_available": true
  }
},
{
  "model": "rental.room",
  "pk": 58,
  "fields": {
    "number": "D-04",
    "room_type": "double",
    "price": "8500.00",
    "agreed_rent": "8500.00",
    "is_available": true
  }
},
{
  "model": "rental.room",
  "pk": 59,
  "fields": {
    "number": "D-05",
    "room_type": "double",
    "price": "8500.00",
    "agreed_rent": "8500.00",
    "is_available": true
  }
},
{
  "model": "rental.room",
  "pk": 60,
  "fields": {
    "number": "D-06",
    "room_type": "double",
    "price": "8500.00",
    "agreed_rent": "8500.00",
    "is_available": true
  }
},
{
  "model": "rental.room",
  "pk": 61,
  "fields": {
    "number": "E-01",
    "room_type": "double",
    "price": "6000.00",
    "agreed_rent": "6000.00",
    "is_available": true
  }
},
{
  "model": "rental.room",
  "pk": 62,
  "fields": {
    "number": "E-02",
    "room_type": "double",
    "price": "6000.00",
    "agreed_rent": "6000.00",
    "is_available": true
  }
},
{
  "model": "rental.room",
  "pk": 63,
  "fields": {
    "number": "E-03",
    "room_type": "double",
    "price": "6000.00",
    "agreed_rent": "6000.00",
    "is_available": true
  }
},
{
  "model": "rental.room",
  "pk": 64,
  "fields": {
    "number": "E-04",
    "room_type": "double",
    "price": "8500.00",
    "agreed_rent": "8500.00",
    "is_available": true
  }
},
{
  "model": "rental.room",
  "pk": 65,
  "fields": {
    "number": "E-05",
    "room_type": "double",
    "price": "8500.00",
    "agreed_rent": "8500.00",
    "is_available": true
  }
},
{
  "model": "rental.room",
  "pk": 66,
  "fields": {
    "number": "E-06",
    "room_type": "double",
    "price": "8500.00",
    "agreed_rent": "8500.00",
    "is_available": true
  }
},
{
  "model": "rental.room",
  "pk": 67,
  "fields": {
    "number": "F-01",
    "room_type": "double",
    "price": "6000.00",
    "agreed_rent": "6000.00",
    "is_available": true
  }
},
{
  "model": "rental.room",
  "pk": 68,
  "fields": {
    "number": "F-02",
    "room_type": "double",
    "price": "6000.00",
    "agreed_rent": "6000.00",
    "is_available": true
  }
},
{
  "model": "rental.room",
  "pk": 69,
  "fields": {
    "number": "F-03",
    "room_type": "double",
    "price": "6000.00",
    "agreed_rent": "6000.00",
    "is_available": true
  }
},
{
  "model": "rental.room",
  "pk": 70,
  "fields": {
    "number": "F-04",
    "room_type": "double",
    "price": "8500.00",
    "agreed_rent": "8500.00",
    "is_available": true
  }
},
{
  "model": "rental.room",
  "pk": 71,
  "fields": {
    "number": "F-05",
    "room_type": "double",
    "price": "8500.00",
    "agreed_rent": "8500.00",
    "is_available": true
  }
},
{
  "model": "rental.room",
  "pk": 72,
  "fields": {
    "number": "F-06",
    "room_type": "double",
    "price": "8500.00",
    "agreed_rent": "8500.00",
    "is_available": true
  }
},
{
  "model": "rental.room",
  "pk": 73,
  "fields": {
    "number": "B-101",
    "room_type": "double",
    "price": "5000.00",
    "agreed_rent": "5000.00",
    "is_available": true
  }
},
{
  "model": "rental.booking",
  "pk": 1,
  "fields": {
    "room": 38,
    "customer_name": "Test Guest1763144084",
    "check_in": "2025-11-14",
    "check_out": "2025-12-14",
    "created_by": null,
    "is_active": true
  }
},
{
  "model": "rental.booking",
  "pk": 2,
  "fields": {
    "room": 39,
    "customer_name": "Test Guest1763144199",
    "check_in": "2025-11-14",
    "check_out": "2025-12-14",
    "created_by": null,
    "is_active": true
  }
},
{
  "model": "rental.booking",
  "pk": 3,
  "fields": {
    "room": 40,
    "customer_name": "Rajesh Kumar",
    "check_in": "2025-11-17",
    "check_out": "2026-02-15",
    "created_by": [
      "admin"
    ],
    "is_active": true
  }
},
{
  "model": "rental.booking",
  "pk": 4,
  "fields": {
    "room": 41,
    "customer_name": "Rajesh Kumar",
    "check_in": "2025-11-17",
    "check_out": "2026-02-15",
    "created_by": [
      "admin"
    ],
    "is_active": true
  }
},
{
  "model": "rental.booking",
  "pk": 5,
  "fields": {
    "room": 42,
    "customer_name": "Rajesh Kumar",
    "check_in": "2025-11-17",
    "check_out": "2026-02-15",
    "created_by": [
      "admin"
    ],
    "is_active": true
  }
},
{
  "model": "rental.booking",
  "pk": 6,
  "fields": {
    "room": 37,
    "customer_name": "Test Guest",
    "check_in": "2025-12-19",
    "check_out": "2026-01-18",
    "created_by": [
      "admin"
    ],
    "is_active": false
  }
},
{
  "model": "rental.guest",
  "pk": 39,
  "fields": {
    "first_name": "Aman",
    "last_name": "Singh",
    "email": "aman.singh@email.com",
    "phone": "9876543210",
    "gender": "M",
    "date_of_birth": null,
    "address": "",
    "city": "",
    "state": "",
    "country": "",
    "zip_code": "",
    "id_type": "",
    "id_number": "",
    "govt_id_photo": "",
    "college_id": "",
    "college_id_photo": "",
    "student_college": "Delhi University",
    "document_verification_image": "",
    "check_in_date": "2025-09-29",
    "check_out_date": null,
    "room": 37,
    "notes": "",
    "created_at": "2025-12-21T09:57:14.380Z",
    "updated_at": "2025-12-21T09:57:14.380Z",
    "is_active": true
  }
},
{
  "model": "rental.guest",
  "pk": 40,
  "fields": {
    "first_name": "Priya",
    "last_name": "Sharma",
    "email": "priya.sharma@email.com",
    "phone": "9876543211",
    "gender": "M",
    "date_of_birth": null,
    "address": "",
    "city": "",
    "state": "",
    "country": "",
    "zip_code": "",
    "id_type": "",
    "id_number": "",
    "govt_id_photo": "",
    "college_id": "",
    "college_id_photo": "",
    "student_college": "Jamia Millia Islamia",
    "document_verification_image": "",
    "check_in_date": "2025-10-25",
    "check_out_date": null,
    "room": 38,
    "notes": "",
    "created_at": "2025-12-21T09:57:14.381Z",
    "updated_at": "2025-12-21T09:57:14.381Z",
    "is_active": true
  }
},
{
  "model": "rental.guest",
  "pk": 41,
  "fields": {
    "first_name": "Rahul",
    "last_name": "Verma",
    "email": "rahul.verma@email.com",
    "phone": "9876543212",
    "gender": "M",
    "date_of_birth": null,
    "address": "",
    "city": "",
    "state": "",
    "country": "",
    "zip_code": "",
    "id_type": "",
    "id_number": "",
    "govt_id_photo": "",
    "college_id": "",
    "college_id_photo": "",
    "student_college": "IIT Delhi",
    "document_verification_image": "",
    "check_in_date": "2025-10-21",
    "check_out_date": null,
    "room": 39,
    "notes": "",
    "created_at": "2025-12-21T09:57:14.383Z",
    "updated_at": "2025-12-21T09:57:14.383Z",
    "is_active": true
  }
},
{
  "model": "rental.guest",
  "pk": 42,
  "fields": {
    "first_name": "Sneha",
    "last_name": "Gupta",
    "email": "sneha.gupta@email.com",
    "phone": "9876543213",
    "gender": "M",
    "date_of_birth": null,
    "address": "",
    "city": "",
    "state": "",
    "country": "",
    "zip_code": "",
    "id_type": "",
    "id_number": "",
    "govt_id_photo": "",
    "college_id": "",
    "college_id_photo": "",
    "student_college": "Lady Shri Ram College",
    "document_verification_image": "",
    "check_in_date": "2025-09-30",
    "check_out_date": null,
    "room": 43,
    "notes": "",
    "created_at": "2025-12-21T09:57:14.385Z",
    "updated_at": "2025-12-21T09:57:14.385Z",
    "is_active": true
  }
},
{
  "model": "rental.guest",
  "pk": 43,
  "fields": {
    "first_name": "Vikas",
    "last_name": "Kumar",
    "email": "vikas.kumar@email.com",
    "phone": "9876543214",
    "gender": "M",
    "date_of_birth": null,
    "address": "",
    "city": "",
    "state": "",
    "country": "",
    "zip_code": "",
    "id_type": "",
    "id_number": "",
    "govt_id_photo": "",
    "college_id": "",
    "college_id_photo": "",
    "student_college": "Delhi Technological University",
    "document_verification_image": "",
    "check_in_date": "2025-10-18",
    "check_out_date": null,
    "room": 44,
    "notes": "",
    "created_at": "2025-12-21T09:57:14.387Z",
    "updated_at": "2025-12-21T09:57:14.387Z",
    "is_active": true
  }
},
{
  "model": "rental.guest",
  "pk": 44,
  "fields": {
    "first_name": "Anjali",
    "last_name": "Reddy",
    "email": "anjali.reddy@email.com",
    "phone": "9876543215",
    "gender": "M",
    "date_of_birth": null,
    "address": "",
    "city": "",
    "state": "",
    "country": "",
    "zip_code": "",
    "id_type": "",
    "id_number": "",
    "govt_id_photo": "",
    "college_id": "",
    "college_id_photo": "",
    "student_college": "Hansraj College",
    "document_verification_image": "",
    "check_in_date": "2025-11-16",
    "check_out_date": null,
    "room": 45,
    "notes": "",
    "created_at": "2025-12-21T09:57:14.388Z",
    "updated_at": "2025-12-21T09:57:14.388Z",
    "is_active": true
  }
},
{
  "model": "rental.guest",
  "pk": 45,
  "fields": {
    "first_name": "Karan",
    "last_name": "Patel",
    "email": "karan.patel@email.com",
    "phone": "9876543216",
    "gender": "M",
    "date_of_birth": null,
    "address": "",
    "city": "",
    "state": "",
    "country": "",
    "zip_code": "",
    "id_type": "",
    "id_number": "",
    "govt_id_photo": "",
    "college_id": "",
    "college_id_photo": "",
    "student_college": "SRCC",
    "document_verification_image": "",
    "check_in_date": "2025-11-16",
    "check_out_date": null,
    "room": 49,
    "notes": "",
    "created_at": "2025-12-21T09:57:14.393Z",
    "updated_at": "2025-12-21T09:57:14.393Z",
    "is_active": true
  }
},
{
  "model": "rental.guest",
  "pk": 46,
  "fields": {
    "first_name": "Neha",
    "last_name": "Joshi",
    "email": "neha.joshi@email.com",
    "phone": "9876543217",
    "gender": "M",
    "date_of_birth": null,
    "address": "",
    "city": "",
    "state": "",
    "country": "",
    "zip_code": "",
    "id_type": "",
    "id_number": "",
    "govt_id_photo": "",
    "college_id": "",
    "college_id_photo": "",
    "student_college": "Miranda House",
    "document_verification_image": "",
    "check_in_date": "2025-10-29",
    "check_out_date": null,
    "room": 50,
    "notes": "",
    "created_at": "2025-12-21T09:57:14.395Z",
    "updated_at": "2025-12-21T09:57:14.395Z",
    "is_active": true
  }
},
{
  "model": "rental.guest",
  "pk": 47,
  "fields": {
    "first_name": "ads ",
    "last_name": "fvf",
    "email": "sdsr@gmail.com",
    "phone": "9101884980",
    "gender": "M",
    "date_of_birth": null,
    "address": "asds",
    "city": "sdfs",
    "state": "dfdf",
    "country": "",
    "zip_code": "",
    "id_type": "add",
    "id_number": "2323232323",
    "govt_id_photo": "",
    "college_id": "dfdf",
    "college_id_photo": "",
    "student_college": "dfdf",
    "document_verification_image": "",
    "check_in_date": "2026-01-19",
    "check_out_date": "2026-01-21",
    "room": null,
    "notes": "",
    "created_at": "2026-01-19T05:31:00.284Z",
    "updated_at": "2026-01-19T05:31:00.286Z",
    "is_active": true
  }
},
{
  "model": "rental.monthlypayment",
  "pk": 3,
  "fields": {
    "room": 37,
    "guest": null,
    "month": "2025-11-01",
    "rent_amount": "5000.00",
    "paid_amount": "6000.00",
    "payment_status": "paid",
    "paid_date": "2025-11-15",
    "notes": "",
    "created_at": "2025-11-14T10:51:07.145Z",
    "updated_at": "2025-11-15T12:42:58.488Z"
  }
},
{
  "model": "rental.monthlypayment",
  "pk": 4,
  "fields": {
    "room": 38,
    "guest": null,
    "month": "2025-11-01",
    "rent_amount": "6000.00",
    "paid_amount": "3000.00",
    "payment_status": "partial",
    "paid_date": null,
    "notes": "",
    "created_at": "2025-11-14T10:51:32.175Z",
    "updated_at": "2025-11-14T10:51:32.175Z"
  }
},
{
  "model": "rental.monthlypayment",
  "pk": 7,
  "fields": {
    "room": 38,
    "guest": null,
    "month": "2026-01-01",
    "rent_amount": "6000.00",
    "paid_amount": "0.00",
    "payment_status": "pending",
    "paid_date": null,
    "notes": "",
    "created_at": "2025-11-14T18:14:44.536Z",
    "updated_at": "2025-11-14T18:14:44.536Z"
  }
},
{
  "model": "rental.monthlypayment",
  "pk": 8,
  "fields": {
    "room": 38,
    "guest": null,
    "month": "2026-02-01",
    "rent_amount": "6000.00",
    "paid_amount": "1090.00",
    "payment_status": "partial",
    "paid_date": null,
    "notes": "",
    "created_at": "2025-11-14T18:14:44.537Z",
    "updated_at": "2025-12-20T08:43:05.794Z"
  }
},
{
  "model": "rental.monthlypayment",
  "pk": 9,
  "fields": {
    "room": 39,
    "guest": null,
    "month": "2025-11-01",
    "rent_amount": "6000.00",
    "paid_amount": "0.00",
    "payment_status": "pending",
    "paid_date": null,
    "notes": "",
    "created_at": "2025-11-14T18:16:39.547Z",
    "updated_at": "2025-11-14T18:16:39.547Z"
  }
},
{
  "model": "rental.monthlypayment",
  "pk": 11,
  "fields": {
    "room": 39,
    "guest": null,
    "month": "2026-01-01",
    "rent_amount": "6000.00",
    "paid_amount": "0.00",
    "payment_status": "pending",
    "paid_date": null,
    "notes": "",
    "created_at": "2025-11-14T18:16:39.549Z",
    "updated_at": "2025-11-14T18:16:39.549Z"
  }
},
{
  "model": "rental.monthlypayment",
  "pk": 12,
  "fields": {
    "room": 39,
    "guest": null,
    "month": "2026-02-01",
    "rent_amount": "6000.00",
    "paid_amount": "4000.00",
    "payment_status": "partial",
    "paid_date": null,
    "notes": "",
    "created_at": "2025-11-14T18:16:39.550Z",
    "updated_at": "2025-12-20T11:13:10.758Z"
  }
},
{
  "model": "rental.monthlypayment",
  "pk": 13,
  "fields": {
    "room": 40,
    "guest": null,
    "month": "2025-11-01",
    "rent_amount": "8500.00",
    "paid_amount": "2000.00",
    "payment_status": "partial",
    "paid_date": null,
    "notes": "Monthly rent for Rajesh Kumar in Room A-04",
    "created_at": "2025-11-17T08:25:13.435Z",
    "updated_at": "2025-11-17T08:25:13.437Z"
  }
},
{
  "model": "rental.monthlypayment",
  "pk": 14,
  "fields": {
    "room": 41,
    "guest": null,
    "month": "2025-11-01",
    "rent_amount": "8500.00",
    "paid_amount": "2000.00",
    "payment_status": "partial",
    "paid_date": null,
    "notes": "Monthly rent for Rajesh Kumar in Room A-05",
    "created_at": "2025-11-17T08:25:22.317Z",
    "updated_at": "2025-11-17T08:25:22.319Z"
  }
},
{
  "model": "rental.monthlypayment",
  "pk": 15,
  "fields": {
    "room": 42,
    "guest": null,
    "month": "2025-11-01",
    "rent_amount": "8500.00",
    "paid_amount": "2000.00",
    "payment_status": "partial",
    "paid_date": null,
    "notes": "Monthly rent for Rajesh Kumar in Room A-06",
    "created_at": "2025-11-17T08:25:40.879Z",
    "updated_at": "2025-11-17T08:25:40.881Z"
  }
},
{
  "model": "rental.monthlypayment",
  "pk": 26,
  "fields": {
    "room": 37,
    "guest": null,
    "month": "2025-12-01",
    "rent_amount": "6000.00",
    "paid_amount": "0.00",
    "payment_status": "pending",
    "paid_date": null,
    "notes": "",
    "created_at": "2025-12-21T09:57:14.400Z",
    "updated_at": "2025-12-21T09:57:14.400Z"
  }
},
{
  "model": "rental.monthlypayment",
  "pk": 27,
  "fields": {
    "room": 38,
    "guest": null,
    "month": "2025-12-01",
    "rent_amount": "6000.00",
    "paid_amount": "0.00",
    "payment_status": "pending",
    "paid_date": null,
    "notes": "",
    "created_at": "2025-12-21T09:57:14.400Z",
    "updated_at": "2025-12-21T09:57:14.400Z"
  }
},
{
  "model": "rental.monthlypayment",
  "pk": 28,
  "fields": {
    "room": 39,
    "guest": null,
    "month": "2025-12-01",
    "rent_amount": "6000.00",
    "paid_amount": "0.00",
    "payment_status": "pending",
    "paid_date": null,
    "notes": "",
    "created_at": "2025-12-21T09:57:14.401Z",
    "updated_at": "2025-12-21T09:57:14.401Z"
  }
},
{
  "model": "rental.monthlypayment",
  "pk": 29,
  "fields": {
    "room": 43,
    "guest": null,
    "month": "2025-12-01",
    "rent_amount": "6000.00",
    "paid_amount": "6000.00",
    "payment_status": "paid",
    "paid_date": null,
    "notes": "",
    "created_at": "2025-12-21T09:57:14.401Z",
    "updated_at": "2025-12-21T09:57:14.401Z"
  }
},
{
  "model": "rental.monthlypayment",
  "pk": 30,
  "fields": {
    "room": 44,
    "guest": null,
    "month": "2025-12-01",
    "rent_amount": "6000.00",
    "paid_amount": "0.00",
    "payment_status": "pending",
    "paid_date": null,
    "notes": "",
    "created_at": "2025-12-21T09:57:14.403Z",
    "updated_at": "2025-12-21T09:57:14.403Z"
  }
},
{
  "model": "rental.monthlypayment",
  "pk": 31,
  "fields": {
    "room": 45,
    "guest": null,
    "month": "2025-12-01",
    "rent_amount": "6000.00",
    "paid_amount": "3000.00",
    "payment_status": "partial",
    "paid_date": null,
    "notes": "",
    "created_at": "2025-12-21T09:57:14.404Z",
    "updated_at": "2025-12-21T09:57:14.404Z"
  }
},
{
  "model": "rental.monthlypayment",
  "pk": 32,
  "fields": {
    "room": 49,
    "guest": null,
    "month": "2025-12-01",
    "rent_amount": "6000.00",
    "paid_amount": "6000.00",
    "payment_status": "paid",
    "paid_date": null,
    "notes": "",
    "created_at": "2025-12-21T09:57:14.405Z",
    "updated_at": "2025-12-21T09:57:14.405Z"
  }
},
{
  "model": "rental.monthlypayment",
  "pk": 33,
  "fields": {
    "room": 50,
    "guest": null,
    "month": "2025-12-01",
    "rent_amount": "6000.00",
    "paid_amount": "6000.00",
    "payment_status": "paid",
    "paid_date": "2025-12-22",
    "notes": "",
    "created_at": "2025-12-21T09:57:14.408Z",
    "updated_at": "2025-12-22T10:07:05.116Z"
  }
},
{
  "model": "rental.paymentrecord",
  "pk": 3,
  "fields": {
    "monthly_payment": 3,
    "payment_date": "2025-11-10",
    "payment_amount": "3000.00",
    "payment_method": "cash",
    "reference_number": "PAY001",
    "notes": "",
    "created_by": [
      "admin"
    ],
    "created_at": "2025-11-14T10:51:07.147Z"
  }
},
{
  "model": "rental.paymentrecord",
  "pk": 4,
  "fields": {
    "monthly_payment": 3,
    "payment_date": "2025-11-15",
    "payment_amount": "3000.00",
    "payment_method": "bank_transfer",
    "reference_number": "PAY002",
    "notes": "",
    "created_by": [
      "admin"
    ],
    "created_at": "2025-11-14T10:51:07.148Z"
  }
},
{
  "model": "rental.paymentrecord",
  "pk": 5,
  "fields": {
    "monthly_payment": 3,
    "payment_date": "2025-11-15",
    "payment_amount": "5000.00",
    "payment_method": "cash",
    "reference_number": "jd",
    "notes": "ddd",
    "created_by": [
      "ayush"
    ],
    "created_at": "2025-11-15T12:43:58.333Z"
  }
},
{
  "model": "rental.paymentrecord",
  "pk": 6,
  "fields": {
    "monthly_payment": 13,
    "payment_date": "2025-11-17",
    "payment_amount": "2000.00",
    "payment_method": "cash",
    "reference_number": "CASH-001",
    "notes": "Guest paid ₹2000 as partial payment",
    "created_by": [
      "admin"
    ],
    "created_at": "2025-11-17T08:25:13.436Z"
  }
},
{
  "model": "rental.paymentrecord",
  "pk": 7,
  "fields": {
    "monthly_payment": 14,
    "payment_date": "2025-11-17",
    "payment_amount": "2000.00",
    "payment_method": "cash",
    "reference_number": "CASH-001",
    "notes": "Guest paid ₹2000 as partial payment",
    "created_by": [
      "admin"
    ],
    "created_at": "2025-11-17T08:25:22.319Z"
  }
},
{
  "model": "rental.paymentrecord",
  "pk": 8,
  "fields": {
    "monthly_payment": 15,
    "payment_date": "2025-11-17",
    "payment_amount": "2000.00",
    "payment_method": "cash",
    "reference_number": "CASH-001",
    "notes": "Guest paid ₹2000 as partial payment",
    "created_by": [
      "admin"
    ],
    "created_at": "2025-11-17T08:25:40.880Z"
  }
},
{
  "model": "rental.paymentrecord",
  "pk": 11,
  "fields": {
    "monthly_payment": 8,
    "payment_date": "2025-12-20",
    "payment_amount": "90.00",
    "payment_method": "cash",
    "reference_number": "",
    "notes": "",
    "created_by": [
      "ayush"
    ],
    "created_at": "2025-12-20T08:42:30.537Z"
  }
},
{
  "model": "rental.paymentrecord",
  "pk": 12,
  "fields": {
    "monthly_payment": 8,
    "payment_date": "2025-12-20",
    "payment_amount": "1000.00",
    "payment_method": "cash",
    "reference_number": "",
    "notes": "",
    "created_by": [
      "ayush"
    ],
    "created_at": "2025-12-20T08:43:05.792Z"
  }
},
{
  "model": "rental.paymentrecord",
  "pk": 13,
  "fields": {
    "monthly_payment": 12,
    "payment_date": "2025-12-20",
    "payment_amount": "4000.00",
    "payment_method": "cash",
    "reference_number": "",
    "notes": "",
    "created_by": [
      "ayush"
    ],
    "created_at": "2025-12-20T11:13:10.756Z"
  }
},
{
  "model": "rental.paymentrecord",
  "pk": 17,
  "fields": {
    "monthly_payment": 29,
    "payment_date": "2025-12-21",
    "payment_amount": "6000.00",
    "payment_method": "upi",
    "reference_number": "UPI/32126",
    "notes": "",
    "created_by": null,
    "created_at": "2025-12-21T09:57:14.402Z"
  }
},
{
  "model": "rental.paymentrecord",
  "pk": 18,
  "fields": {
    "monthly_payment": 31,
    "payment_date": "2025-12-21",
    "payment_amount": "3000.00",
    "payment_method": "upi",
    "reference_number": "UPI/80368",
    "notes": "",
    "created_by": null,
    "created_at": "2025-12-21T09:57:14.404Z"
  }
},
{
  "model": "rental.paymentrecord",
  "pk": 19,
  "fields": {
    "monthly_payment": 32,
    "payment_date": "2025-12-21",
    "payment_amount": "6000.00",
    "payment_method": "upi",
    "reference_number": "UPI/95309",
    "notes": "",
    "created_by": null,
    "created_at": "2025-12-21T09:57:14.407Z"
  }
},
{
  "model": "rental.paymentrecord",
  "pk": 20,
  "fields": {
    "monthly_payment": 33,
    "payment_date": "2025-12-22",
    "payment_amount": "6000.00",
    "payment_method": "upi",
    "reference_number": "",
    "notes": "",
    "created_by": [
      "ayush"
    ],
    "created_at": "2025-12-22T10:07:05.114Z"
  }
},
{
  "model": "rental.maintenanceexpense",
  "pk": 1,
  "fields": {
    "building_name": "1",
    "category": "plumbing",
    "amount": "800.00",
    "date": "2025-12-20",
    "description": "",
    "is_paid": true,
    "created_at": "2025-12-20T08:11:11.331Z",
    "updated_at": "2025-12-20T08:11:11.331Z"
  }
}
]
